{"chunk_definitions":[{"row":13,"row_count":1,"visible":true,"expansion_state":0,"options":{"engine":"r","label":"unnamed-chunk-3"},"document_id":"4EF2A9D7","chunk_id":"cs72abzm9r42y","chunk_label":"unnamed-chunk-1"},{"row":34,"row_count":1,"visible":true,"expansion_state":0,"options":{"engine":"r","label":"unnamed-chunk-5"},"document_id":"4EF2A9D7","chunk_id":"clooia0wbe2u0","chunk_label":"unnamed-chunk-2"},{"row":40,"row_count":1,"visible":true,"expansion_state":0,"options":{"engine":"r","label":"unnamed-chunk-6"},"document_id":"4EF2A9D7","chunk_id":"cyh3s2h0nkmoz","chunk_label":"unnamed-chunk-3"}],"doc_write_time":1677585195}