{"chunk_definitions":[{"row":13,"row_count":1,"visible":true,"expansion_state":0,"options":{"engine":"r","label":"unnamed-chunk-4"},"document_id":"F6040F26","chunk_id":"cxdpl3dh0x4u4","chunk_label":"unnamed-chunk-1"},{"row":29,"row_count":1,"visible":true,"expansion_state":0,"options":{"engine":"r","label":"unnamed-chunk-8"},"document_id":"F6040F26","chunk_id":"clo8ss7shzzhg","chunk_label":"unnamed-chunk-2"},{"row":33,"row_count":1,"visible":true,"expansion_state":0,"options":{"engine":"r","label":"unnamed-chunk-9"},"document_id":"F6040F26","chunk_id":"c6dc2o5xsocon","chunk_label":"unnamed-chunk-3"}],"doc_write_time":1677572525}